Workbook

Sheet Cover
B2: Streets of Nepal
B3: Standard Costing Variance Analysis — April 2026
B5: Prepared by: Sandesh Lama Tamang
B6: Purpose: Analyze material and labor variances against standard cost cards for four signature dishes, and surface patterns that may indicate operational or control issues.
B9: Workbook Contents
B10: Sheet | C10: Contents
B11: Standard Cost Cards | C11: Standard material quantity/price and labor minutes/rate per dish
B12: Daily Data | C12: Raw daily order volume and actual material/labor figures
B13: Variance Calcs | C13: Formula-driven MPV, MQV, LRV, LEV for every dish-day
B14: Dashboard | C14: Monthly summary by dish, conditional formatting, chart, and red-flag callouts
B17: Color key: Blue = input cell | Black = formula | Yellow = key assumption | Red fill = unfavorable / flagged

Sheet Standard Cost Cards
B2: Standard Cost Cards
B3: All blue cells are hardcoded standard-cost assumptions, set by management at the start of the period.
B5: Dish | C5: Std Material Qty (lb/order) | D5: Std Material Price ($/lb) | E5: Std Material Cost/Order | F5: Std Labor Minutes/Order | G5: Std Labor Rate ($/hr) | H5: Std Labor Cost/Order | I5: Std Total Cost/Order
B6: Chicken Momos | C6: 0.35 | D6: 3.8 | E6: =C6*D6 | F6: 6 | G6: 13.5 | H6: =(F6/60)*G6 | I6: =E6+H6
B7: Veg Thukpa | C7: 0.6 | D7: 2.1 | E7: =C7*D7 | F7: 8 | G7: 13.5 | H7: =(F7/60)*G7 | I7: =E7+H7
B8: Chow Mein (Chicken) | C8: 0.5 | D8: 3.2 | E8: =C8*D8 | F8: 7 | G8: 13.5 | H8: =(F8/60)*G8 | I8: =E8+H8
B9: Lamb Sekuwa | C9: 0.45 | D9: 6.5 | E9: =C9*D9 | F9: 10 | G9: 14.5 | H9: =(F9/60)*G9 | I9: =E9+H9

Sheet Daily Data
A1: Daily Actuals — April 2026 (26 operating days x 4 dishes)
A2: Source: POS order counts and kitchen/purchasing logs (blue = actual recorded inputs).
A4: Dish | B4: Day | C4: Orders | D4: Std Mat Qty/Order | E4: Std Mat Price | F4: Actual Mat Price | G4: Actual Mat Qty/Order | H4: Std Labor Min/Order | I4: Std Labor Rate | J4: Actual Labor Min/Order | K4: Actual Labor Rate
A5: Chicken Momos | B5: 1 | C5: 90 | D5: 0.35 | E5: 3.8 | F5: 3.7295 | G5: 0.3605 | H5: 6 | I5: 13.5 | J5: 5.6285 | K5: 13.4684
A6: Chicken Momos | B6: 2 | C6: 82 | D6: 0.35 | E6: 3.8 | F6: 3.7556 | G6: 0.362 | H6: 6 | I6: 13.5 | J6: 5.3296 | K6: 13.5732
A7: Chicken Momos | B7: 3 | C7: 80 | D7: 0.35 | E7: 3.8 | F7: 3.7245 | G7: 0.359 | H7: 6 | I7: 13.5 | J7: 5.113 | K7: 13.2671
A8: Chicken Momos | B8: 4 | C8: 79 | D8: 0.35 | E8: 3.8 | F8: 3.7162 | G8: 0.3601 | H8: 6 | I8: 13.5 | J8: 5.2638 | K8: 13.3093
A9: Chicken Momos | B9: 5 | C9: 99 | D9: 0.35 | E9: 3.8 | F9: 3.7282 | G9: 0.3591 | H9: 6 | I9: 13.5 | J9: 5.1863 | K9: 13.4265
A10: Chicken Momos | B10: 6 | C10: 86 | D10: 0.35 | E10: 3.8 | F10: 3.7141 | G10: 0.3619 | H10: 6 | I10: 13.5 | J10: 5.3099 | K10: 13.4606
A11: Chicken Momos | B11: 7 | C11: 78 | D11: 0.35 | E11: 3.8 | F11: 3.7598 | G11: 0.3599 | H11: 6 | I11: 13.5 | J11: 5.2413 | K11: 13.611
A12: Chicken Momos | B12: 8 | C12: 72 | D12: 0.35 | E12: 3.8 | F12: 3.7348 | G12: 0.3469 | H12: 6 | I12: 13.5 | J12: 5.2008 | K12: 13.5266
A13: Chicken Momos | B13: 9 | C13: 92 | D13: 0.35 | E13: 3.8 | F13: 3.7342 | G13: 0.3605 | H13: 6 | I13: 13.5 | J13: 5.3548 | K13: 13.3004
A14: Chicken Momos | B14: 10 | C14: 77 | D14: 0.35 | E14: 3.8 | F14: 3.7246 | G14: 0.3694 | H14: 6 | I14: 13.5 | J14: 5.4515 | K14: 13.262
A15: Chicken Momos | B15: 11 | C15: 88 | D15: 0.35 | E15: 3.8 | F15: 3.7257 | G15: 0.3579 | H15: 6 | I15: 13.5 | J15: 5.4918 | K15: 13.6392
A16: Chicken Momos | B16: 12 | C16: 94 | D16: 0.35 | E16: 3.8 | F16: 3.7188 | G16: 0.3612 | H16: 6 | I16: 13.5 | J16: 5.4497 | K16: 13.6317
... A108: Lamb Sekuwa | B108: 26 | C108: 32 | D108: 0.45 | E108: 6.5 | F108: 6.396 | G108: 0.4705 | H108: 10 | I108: 14.5 | J108: 10.0596 | K108: 14.609

Sheet Variance Calcs
A1: Variance Calculations (all formulas; negative = favorable)
A2: MPV = (Actual Price - Std Price) x Actual Qty | MQV = (Actual Qty - Std Qty) x Std Price
A3: LRV = (Actual Rate - Std Rate) x Actual Hours | LEV = (Actual Hours - Std Hours) x Std Rate
A5: Dish | B5: Day | C5: Orders | D5: Actual Mat Qty Total | E5: Std Mat Qty Total | F5: Actual Labor Hrs Total | G5: Std Labor Hrs Total | H5: MPV | I5: MQV | J5: LRV | K5: LEV | L5: Total Material Var | M5: Total Labor Var | N5: Grand Total Var
A6: ='Daily Data'!A5 | B6: ='Daily Data'!B5 | C6: ='Daily Data'!C5 | D6: ='Daily Data'!G5*'Daily Data'!C5 | E6: ='Daily Data'!D5*'Daily Data'!C5 | F6: =('Daily Data'!J5*'Daily Data'!C5)/60 | G6: =('Daily Data'!H5*'Daily Data'!C5)/60 | H6: =('Daily Data'!F5-'Daily Data'!E5)*D6 | I6: =(D6-E6)*'Daily Data'!E5 | J6: =('Daily Data'!K5-'Daily Data'!I5)*F6 | K6: =(F6-G6)*'Daily Data'!I5 | L6: =H6+I6 | M6: =J6+K6 | N6: =L6+M6
A7: ='Daily Data'!A6 | B7: ='Daily Data'!B6 | C7: ='Daily Data'!C6 | D7: ='Daily Data'!G6*'Daily Data'!C6 | E7: ='Daily Data'!D6*'Daily Data'!C6 | F7: =('Daily Data'!J6*'Daily Data'!C6)/60 | G7: =('Daily Data'!H6*'Daily Data'!C6)/60 | H7: =('Daily Data'!F6-'Daily Data'!E6)*D7 | I7: =(D7-E7)*'Daily Data'!E6 | J7: =('Daily Data'!K6-'Daily Data'!I6)*F7 | K7: =(F7-G7)*'Daily Data'!I6 | L7: =H7+I7 | M7: =J7+K7 | N7: =L7+M7
A8: ='Daily Data'!A7 | B8: ='Daily Data'!B7 | C8: ='Daily Data'!C7 | D8: ='Daily Data'!G7*'Daily Data'!C7 | E8: ='Daily Data'!D7*'Daily Data'!C7 | F8: =('Daily Data'!J7*'Daily Data'!C7)/60 | G8: =('Daily Data'!H7*'Daily Data'!C7)/60 | H8: =('Daily Data'!F7-'Daily Data'!E7)*D8 | I8: =(D8-E8)*'Daily Data'!E7 | J8: =('Daily Data'!K7-'Daily Data'!I7)*F8 | K8: =(F8-G8)*'Daily Data'!I7 | L8: =H8+I8 | M8: =J8+K8 | N8: =L8+M8
A9: ='Daily Data'!A8 | B9: ='Daily Data'!B8 | C9: ='Daily Data'!C8 | D9: ='Daily Data'!G8*'Daily Data'!C8 | E9: ='Daily Data'!D8*'Daily Data'!C8 | F9: =('Daily Data'!J8*'Daily Data'!C8)/60 | G9: =('Daily Data'!H8*'Daily Data'!C8)/60 | H9: =('Daily Data'!F8-'Daily Data'!E8)*D9 | I9: =(D9-E9)*'Daily Data'!E8 | J9: =('Daily Data'!K8-'Daily Data'!I8)*F9 | K9: =(F9-G9)*'Daily Data'!I8 | L9: =H9+I9 | M9: =J9+K9 | N9: =L9+M9
A10: ='Daily Data'!A9 | B10: ='Daily Data'!B9 | C10: ='Daily Data'!C9 | D10: ='Daily Data'!G9*'Daily Data'!C9 | E10: ='Daily Data'!D9*'Daily Data'!C9 | F10: =('Daily Data'!J9*'Daily Data'!C9)/60 | G10: =('Daily Data'!H9*'Daily Data'!C9)/60 | H10: =('Daily Data'!F9-'Daily Data'!E9)*D10 | I10: =(D10-E10)*'Daily Data'!E9 | J10: =('Daily Data'!K9-'Daily Data'!I9)*F10 | K10: =(F10-G10)*'Daily Data'!I9 | L10: =H10+I10 | M10: =J10+K10 | N10: =L10+M10
A11: ='Daily Data'!A10 | B11: ='Daily Data'!B10 | C11: ='Daily Data'!C10 | D11: ='Daily Data'!G10*'Daily Data'!C10 | E11: ='Daily Data'!D10*'Daily Data'!C10 | F11: =('Daily Data'!J10*'Daily Data'!C10)/60 | G11: =('Daily Data'!H10*'Daily Data'!C10)/60 | H11: =('Daily Data'!F10-'Daily Data'!E10)*D11 | I11: =(D11-E11)*'Daily Data'!E10 | J11: =('Daily Data'!K10-'Daily Data'!I10)*F11 | K11: =(F11-G11)*'Daily Data'!I10 | L11: =H11+I11 | M11: =J11+K11 | N11: =L11+M11
A12: ='Daily Data'!A11 | B12: ='Daily Data'!B11 | C12: ='Daily Data'!C11 | D12: ='Daily Data'!G11*'Daily Data'!C11 | E12: ='Daily Data'!D11*'Daily Data'!C11 | F12: =('Daily Data'!J11*'Daily Data'!C11)/60 | G12: =('Daily Data'!H11*'Daily Data'!C11)/60 | H12: =('Daily Data'!F11-'Daily Data'!E11)*D12 | I12: =(D12-E12)*'Daily Data'!E11 | J12: =('Daily Data'!K11-'Daily Data'!I11)*F12 | K12: =(F12-G12)*'Daily Data'!I11 | L12: =H12+I12 | M12: =J12+K12 | N12: =L12+M12
A13: ='Daily Data'!A12 | B13: ='Daily Data'!B12 | C13: ='Daily Data'!C12 | D13: ='Daily Data'!G12*'Daily Data'!C12 | E13: ='Daily Data'!D12*'Daily Data'!C12 | F13: =('Daily Data'!J12*'Daily Data'!C12)/60 | G13: =('Daily Data'!H12*'Daily Data'!C12)/60 | H13: =('Daily Data'!F12-'Daily Data'!E12)*D13 | I13: =(D13-E13)*'Daily Data'!E12 | J13: =('Daily Data'!K12-'Daily Data'!I12)*F13 | K13: =(F13-G13)*'Daily Data'!I12 | L13: =H13+I13 | M13: =J13+K13 | N13: =L13+M13
A14: ='Daily Data'!A13 | B14: ='Daily Data'!B13 | C14: ='Daily Data'!C13 | D14: ='Daily Data'!G13*'Daily Data'!C13 | E14: ='Daily Data'!D13*'Daily Data'!C13 | F14: =('Daily Data'!J13*'Daily Data'!C13)/60 | G14: =('Daily Data'!H13*'Daily Data'!C13)/60 | H14: =('Daily Data'!F13-'Daily Data'!E13)*D14 | I14: =(D14-E14)*'Daily Data'!E13 | J14: =('Daily Data'!K13-'Daily Data'!I13)*F14 | K14: =(F14-G14)*'Daily Data'!I13 | L14: =H14+I14 | M14: =J14+K14 | N14: =L14+M14
A15: ='Daily Data'!A14 | B15: ='Daily Data'!B14 | C15: ='Daily Data'!C14 | D15: ='Daily Data'!G14*'Daily Data'!C14 | E15: ='Daily Data'!D14*'Daily Data'!C14 | F15: =('Daily Data'!J14*'Daily Data'!C14)/60 | G15: =('Daily Data'!H14*'Daily Data'!C14)/60 | H15: =('Daily Data'!F14-'Daily Data'!E14)*D15 | I15: =(D15-E15)*'Daily Data'!E14 | J15: =('Daily Data'!K14-'Daily Data'!I14)*F15 | K15: =(F15-G15)*'Daily Data'!I14 | L15: =H15+I15 | M15: =J15+K15 | N15: =L15+M15
A16: ='Daily Data'!A15 | B16: ='Daily Data'!B15 | C16: ='Daily Data'!C15 | D16: ='Daily Data'!G15*'Daily Data'!C15 | E16: ='Daily Data'!D15*'Daily Data'!C15 | F16: =('Daily Data'!J15*'Daily Data'!C15)/60 | G16: =('Daily Data'!H15*'Daily Data'!C15)/60 | H16: =('Daily Data'!F15-'Daily Data'!E15)*D16 | I16: =(D16-E16)*'Daily Data'!E15 | J16: =('Daily Data'!K15-'Daily Data'!I15)*F16 | K16: =(F16-G16)*'Daily Data'!I15 | L16: =H16+I16 | M16: =J16+K16 | N16: =L16+M16
A17: ='Daily Data'!A16 | B17: ='Daily Data'!B16 | C17: ='Daily Data'!C16 | D17: ='Daily Data'!G16*'Daily Data'!C16 | E17: ='Daily Data'!D16*'Daily Data'!C16 | F17: =('Daily Data'!J16*'Daily Data'!C16)/60 | G17: =('Daily Data'!H16*'Daily Data'!C16)/60 | H17: =('Daily Data'!F16-'Daily Data'!E16)*D17 | I17: =(D17-E17)*'Daily Data'!E16 | J17: =('Daily Data'!K16-'Daily Data'!I16)*F17 | K17: =(F17-G17)*'Daily Data'!I16 | L17: =H17+I17 | M17: =J17+K17 | N17: =L17+M17
... A109: ='Daily Data'!A108 | B109: ='Daily Data'!B108 | C109: ='Daily Data'!C108 | D109: ='Daily Data'!G108*'Daily Data'!C108 | E109: ='Daily Data'!D108*'Daily Data'!C108 | F109: =('Daily Data'!J108*'Daily Data'!C108)/60 | G109: =('Daily Data'!H108*'Daily Data'!C108)/60 | H109: =('Daily Data'!F108-'Daily Data'!E108)*D109 | I109: =(D109-E109)*'Daily Data'!E108 | J109: =('Daily Data'!K108-'Daily Data'!I108)*F109 | K109: =(F109-G109)*'Daily Data'!I108 | L109: =H109+I109 | M109: =J109+K109 | N109: =L109+M109

Sheet Dashboard
B2: Monthly Variance Dashboard — April 2026
B3: Negative (green) = favorable to standard. Positive (red) = unfavorable to standard.
B5: Dish | C5: MPV | D5: MQV | E5: LRV | F5: LEV | G5: Total Orders | H5: Total Material Var | I5: Total Labor Var | J5: Grand Total Var
B6: Chicken Momos | C6: =SUMIF('Variance Calcs'!$A$6:$A$109,B6,'Variance Calcs'!$H$6:$H$109) | D6: =SUMIF('Variance Calcs'!$A$6:$A$109,B6,'Variance Calcs'!$I$6:$I$109) | E6: =SUMIF('Variance Calcs'!$A$6:$A$109,B6,'Variance Calcs'!$J$6:$J$109) | F6: =SUMIF('Variance Calcs'!$A$6:$A$109,B6,'Variance Calcs'!$K$6:$K$109) | G6: =SUMIF('Daily Data'!$A$5:$A$108,B6,'Daily Data'!$C$5:$C$108) | H6: =C6+D6 | I6: =E6+F6 | J6: =H6+I6
B7: Veg Thukpa | C7: =SUMIF('Variance Calcs'!$A$6:$A$109,B7,'Variance Calcs'!$H$6:$H$109) | D7: =SUMIF('Variance Calcs'!$A$6:$A$109,B7,'Variance Calcs'!$I$6:$I$109) | E7: =SUMIF('Variance Calcs'!$A$6:$A$109,B7,'Variance Calcs'!$J$6:$J$109) | F7: =SUMIF('Variance Calcs'!$A$6:$A$109,B7,'Variance Calcs'!$K$6:$K$109) | G7: =SUMIF('Daily Data'!$A$5:$A$108,B7,'Daily Data'!$C$5:$C$108) | H7: =C7+D7 | I7: =E7+F7 | J7: =H7+I7
B8: Chow Mein (Chicken) | C8: =SUMIF('Variance Calcs'!$A$6:$A$109,B8,'Variance Calcs'!$H$6:$H$109) | D8: =SUMIF('Variance Calcs'!$A$6:$A$109,B8,'Variance Calcs'!$I$6:$I$109) | E8: =SUMIF('Variance Calcs'!$A$6:$A$109,B8,'Variance Calcs'!$J$6:$J$109) | F8: =SUMIF('Variance Calcs'!$A$6:$A$109,B8,'Variance Calcs'!$K$6:$K$109) | G8: =SUMIF('Daily Data'!$A$5:$A$108,B8,'Daily Data'!$C$5:$C$108) | H8: =C8+D8 | I8: =E8+F8 | J8: =H8+I8
B9: Lamb Sekuwa | C9: =SUMIF('Variance Calcs'!$A$6:$A$109,B9,'Variance Calcs'!$H$6:$H$109) | D9: =SUMIF('Variance Calcs'!$A$6:$A$109,B9,'Variance Calcs'!$I$6:$I$109) | E9: =SUMIF('Variance Calcs'!$A$6:$A$109,B9,'Variance Calcs'!$J$6:$J$109) | F9: =SUMIF('Variance Calcs'!$A$6:$A$109,B9,'Variance Calcs'!$K$6:$K$109) | G9: =SUMIF('Daily Data'!$A$5:$A$108,B9,'Daily Data'!$C$5:$C$108) | H9: =C9+D9 | I9: =E9+F9 | J9: =H9+I9
B10: Company Total | C10: =SUM(C6:C9) | D10: =SUM(D6:D9) | E10: =SUM(E6:E9) | F10: =SUM(F6:F9) | G10: =SUM(G6:G9) | H10: =SUM(H6:H9) | I10: =SUM(I6:I9) | J10: =SUM(J6:J9)
B31: Red Flags Identified (see Audit Memo for full detail)
B32: Risk | C32: Test | D32: Dish | E32: Detail
B33: Medium | C33: Price Variance Clustering | D33: Chicken Momos | E33: Coefficient of variation 0.0114 (unusually tight) with 100% of days favorable, averaging -2.10% vs standard. Under the project's documented 1.2% CV heuristic, this combination warrants tracing recorded prices to vendor invoices before the variance is relied upon.
B34: Medium | C34: Price Variance Clustering | D34: Veg Thukpa | E34: Coefficient of variation 0.0040 (unusually tight) with 100% of days favorable, averaging -1.78% vs standard. Under the project's documented 1.2% CV heuristic, this combination warrants tracing recorded prices to vendor invoices before the variance is relied upon.
B35: Medium | C35: Price Variance Clustering | D35: Chow Mein (Chicken) | E35: Coefficient of variation 0.0036 (unusually tight) with 100% of days favorable, averaging -1.69% vs standard. Under the project's documented 1.2% CV heuristic, this combination warrants tracing recorded prices to vendor invoices before the variance is relied upon.
B36: Medium | C36: Price Variance Clustering | D36: Lamb Sekuwa | E36: Coefficient of variation 0.0048 (unusually tight) with 100% of days favorable, averaging -1.82% vs standard. Under the project's documented 1.2% CV heuristic, this combination warrants tracing recorded prices to vendor invoices before the variance is relied upon.
B37: High | C37: Labor Time Consistency | D37: Chicken Momos | E37: Day-to-day standard deviation of recorded labor minutes (0.300) is 60% of the median spread across the four dishes (0.497). Under the project's cross-dish heuristic, the difference warrants validating the labor-time capture method; the calculation alone does not identify the cause.
B38: High | C38: Period-End Shift | D38: Chicken Momos | E38: Average variance per order moved from $-0.118 during days 1-23 to $-0.306 during days 24-26, a shift of $-0.189 per order. In this synthetic scenario, no corresponding change in staffing or ingredient sourcing was provided, so the movement warrants follow-up rather than a conclusion about intent.
